datetime,solar,wind
2022-05-01 0:00,0,0
2022-05-01 1:00,0,0
2022-05-01 2:00,0,0
2022-05-01 3:00,0,0
2022-05-01 4:00,0,0
2022-05-01 5:00,0,0
2022-05-01 6:00,0,0
2022-05-01 7:00,0,0
2022-05-01 8:00,0,0
2022-05-01 9:00,0,0
2022-05-01 10:00,0,0
2022-05-01 11:00,0,0
2022-05-01 12:00,0,0
2022-05-01 13:00,0,0
2022-05-01 14:00,0,0
2022-05-01 15:00,0,0
2022-05-01 16:00,0,0
2022-05-01 17:00,0,0
2022-05-01 18:00,0,0
2022-05-01 19:00,0,0
2022-05-01 20:00,0,0
2022-05-01 21:00,0,0
2022-05-01 22:00,0,0
2022-05-01 23:00,0,0
2022-05-02 0:00,0,0
2022-05-02 1:00,0,0
2022-05-02 2:00,0,0
2022-05-02 3:00,0,0
2022-05-02 4:00,0,0
2022-05-02 5:00,0,0
2022-05-02 6:00,0,0
2022-05-02 7:00,0,0
2022-05-02 8:00,0,0
2022-05-02 9:00,0,0
2022-05-02 10:00,0,0
2022-05-02 11:00,0,0
2022-05-02 12:00,0,0
2022-05-02 13:00,0,0
2022-05-02 14:00,0,0
2022-05-02 15:00,0,0
2022-05-02 16:00,0,0
2022-05-02 17:00,0,0
2022-05-02 18:00,0,0
2022-05-02 19:00,0,0
2022-05-02 20:00,0,0
2022-05-02 21:00,0,0
2022-05-02 22:00,0,0
2022-05-02 23:00,0,0
2022-05-03 0:00,0,0
2022-05-03 1:00,0,0
2022-05-03 2:00,0,0
2022-05-03 3:00,0,0
2022-05-03 4:00,0,0
2022-05-03 5:00,0,0
2022-05-03 6:00,0,0
2022-05-03 7:00,0,0
2022-05-03 8:00,0,0
2022-05-03 9:00,0,0
2022-05-03 10:00,0,0
2022-05-03 11:00,0,0
2022-05-03 12:00,0,0
2022-05-03 13:00,0,0
2022-05-03 14:00,0,0
2022-05-03 15:00,0,0
2022-05-03 16:00,0,0
2022-05-03 17:00,0,0
2022-05-03 18:00,0,0
2022-05-03 19:00,0,0
2022-05-03 20:00,0,0
2022-05-03 21:00,0,0
2022-05-03 22:00,0,0
2022-05-03 23:00,0,0
2022-05-04 0:00,0,0
2022-05-04 1:00,0,0
2022-05-04 2:00,0,0
2022-05-04 3:00,0,0
2022-05-04 4:00,0,0
2022-05-04 5:00,0,0
2022-05-04 6:00,0,0
2022-05-04 7:00,0,0
2022-05-04 8:00,0,0
2022-05-04 9:00,0,0
2022-05-04 10:00,0,0
2022-05-04 11:00,0,0
2022-05-04 12:00,0,0
2022-05-04 13:00,0,0
2022-05-04 14:00,0,0
2022-05-04 15:00,0,0
2022-05-04 16:00,0,0
2022-05-04 17:00,0,0
2022-05-04 18:00,0,0
2022-05-04 19:00,0,0
2022-05-04 20:00,0,0
2022-05-04 21:00,0,0
2022-05-04 22:00,0,0
2022-05-04 23:00,0,0
2022-05-05 0:00,0,0
2022-05-05 1:00,0,0
2022-05-05 2:00,0,0
2022-05-05 3:00,0,0
2022-05-05 4:00,0,0
2022-05-05 5:00,0,0
2022-05-05 6:00,0,0
2022-05-05 7:00,0,0
2022-05-05 8:00,0,0
2022-05-05 9:00,0,0
2022-05-05 10:00,0,0
2022-05-05 11:00,0,0
2022-05-05 12:00,0,0
2022-05-05 13:00,0,0
2022-05-05 14:00,0,0
2022-05-05 15:00,0,0
2022-05-05 16:00,0,0
2022-05-05 17:00,0,0
2022-05-05 18:00,0,0
2022-05-05 19:00,0,0
2022-05-05 20:00,0,0
2022-05-05 21:00,0,0
2022-05-05 22:00,0,0
2022-05-05 23:00,0,0
2022-05-06 0:00,0,0
2022-05-06 1:00,0,0
2022-05-06 2:00,0,0
2022-05-06 3:00,0,0
2022-05-06 4:00,0,0
2022-05-06 5:00,0,0
2022-05-06 6:00,0,0
2022-05-06 7:00,0,0
2022-05-06 8:00,0,0
2022-05-06 9:00,0,0
2022-05-06 10:00,0,0
2022-05-06 11:00,0,0
2022-05-06 12:00,0,0
2022-05-06 13:00,0,0
2022-05-06 14:00,0,0
2022-05-06 15:00,0,0
2022-05-06 16:00,0,0
2022-05-06 17:00,0,0
2022-05-06 18:00,0,0
2022-05-06 19:00,0,0
2022-05-06 20:00,0,0
2022-05-06 21:00,0,0
2022-05-06 22:00,0,0
2022-05-06 23:00,0,0
2022-05-07 0:00,0,0
2022-05-07 1:00,0,0
2022-05-07 2:00,0,0
2022-05-07 3:00,0,0
2022-05-07 4:00,0,0
2022-05-07 5:00,0,0
2022-05-07 6:00,0,0
2022-05-07 7:00,0,0
2022-05-07 8:00,0,0
2022-05-07 9:00,0,0
2022-05-07 10:00,0,0
2022-05-07 11:00,0,0
2022-05-07 12:00,0,0
2022-05-07 13:00,0,0
2022-05-07 14:00,0,0
2022-05-07 15:00,0,0
2022-05-07 16:00,0,0
2022-05-07 17:00,0,0
2022-05-07 18:00,0,0
2022-05-07 19:00,0,0
2022-05-07 20:00,0,0
2022-05-07 21:00,0,0
2022-05-07 22:00,0,0
2022-05-07 23:00,0,0
2022-05-08 0:00,0,0
2022-05-08 1:00,0,0
2022-05-08 2:00,0,0
2022-05-08 3:00,0,0
2022-05-08 4:00,0,0
2022-05-08 5:00,0,0
2022-05-08 6:00,0,0
2022-05-08 7:00,0,0
2022-05-08 8:00,0,0
2022-05-08 9:00,0,0
2022-05-08 10:00,0,0
2022-05-08 11:00,0,0
2022-05-08 12:00,0,0
2022-05-08 13:00,0,0
2022-05-08 14:00,0,0
2022-05-08 15:00,0,0
2022-05-08 16:00,0,0
2022-05-08 17:00,0,0
2022-05-08 18:00,0,0
2022-05-08 19:00,0,0
2022-05-08 20:00,0,0
2022-05-08 21:00,0,0
2022-05-08 22:00,0,0
2022-05-08 23:00,0,0
2022-05-09 0:00,0,0
2022-05-09 1:00,0,0
2022-05-09 2:00,0,0
2022-05-09 3:00,0,0
2022-05-09 4:00,0,0
2022-05-09 5:00,0,0
2022-05-09 6:00,0,0
2022-05-09 7:00,0,0
2022-05-09 8:00,0,0
2022-05-09 9:00,0,0
2022-05-09 10:00,0,0
2022-05-09 11:00,0,0
2022-05-09 12:00,0,0
2022-05-09 13:00,0,0
2022-05-09 14:00,0,0
2022-05-09 15:00,0,0
2022-05-09 16:00,0,0
2022-05-09 17:00,0,0
2022-05-09 18:00,0,0
2022-05-09 19:00,0,0
2022-05-09 20:00,0,0
2022-05-09 21:00,0,0
2022-05-09 22:00,0,0
2022-05-09 23:00,0,0
2022-05-10 0:00,0,0
2022-05-10 1:00,0,0
2022-05-10 2:00,0,0
2022-05-10 3:00,0,0
2022-05-10 4:00,0,0
2022-05-10 5:00,0,0
2022-05-10 6:00,0,0
2022-05-10 7:00,0,0
2022-05-10 8:00,0,0
2022-05-10 9:00,0,0
2022-05-10 10:00,0,0
2022-05-10 11:00,0,0
2022-05-10 12:00,0,0
2022-05-10 13:00,0,0
2022-05-10 14:00,0,0
2022-05-10 15:00,0,0
2022-05-10 16:00,0,0
2022-05-10 17:00,0,0
2022-05-10 18:00,0,0
2022-05-10 19:00,0,0
2022-05-10 20:00,0,0
2022-05-10 21:00,0,0
2022-05-10 22:00,0,0
2022-05-10 23:00,0,0
2022-05-11 0:00,0,0
2022-05-11 1:00,0,0
2022-05-11 2:00,0,0
2022-05-11 3:00,0,0
2022-05-11 4:00,0,0
2022-05-11 5:00,0,0
2022-05-11 6:00,0,0
2022-05-11 7:00,0,0
2022-05-11 8:00,0,0
2022-05-11 9:00,0,0
2022-05-11 10:00,0,0
2022-05-11 11:00,0,0
2022-05-11 12:00,0,0
2022-05-11 13:00,0,0
2022-05-11 14:00,0,0
2022-05-11 15:00,0,0
2022-05-11 16:00,0,0
2022-05-11 17:00,0,0
2022-05-11 18:00,0,0
2022-05-11 19:00,0,0
2022-05-11 20:00,0,0
2022-05-11 21:00,0,0
2022-05-11 22:00,0,0
2022-05-11 23:00,0,0
2022-05-12 0:00,0,0
2022-05-12 1:00,0,0
2022-05-12 2:00,0,0
2022-05-12 3:00,0,0
2022-05-12 4:00,0,0
2022-05-12 5:00,0,0
2022-05-12 6:00,0,0
2022-05-12 7:00,0,0
2022-05-12 8:00,0,0
2022-05-12 9:00,0,0
2022-05-12 10:00,0,0
2022-05-12 11:00,0,0
2022-05-12 12:00,0,0
2022-05-12 13:00,0,0
2022-05-12 14:00,0,0
2022-05-12 15:00,0,0
2022-05-12 16:00,0,0
2022-05-12 17:00,0,0
2022-05-12 18:00,0,0
2022-05-12 19:00,0,0
2022-05-12 20:00,0,0
2022-05-12 21:00,0,0
2022-05-12 22:00,0,0
2022-05-12 23:00,0,0
2022-05-13 0:00,0,0
2022-05-13 1:00,0,0
2022-05-13 2:00,0,0
2022-05-13 3:00,0,0
2022-05-13 4:00,0,0
2022-05-13 5:00,0,0
2022-05-13 6:00,0,0
2022-05-13 7:00,0,0
2022-05-13 8:00,0,0
2022-05-13 9:00,0,0
2022-05-13 10:00,0,0
2022-05-13 11:00,0,0
2022-05-13 12:00,0,0
2022-05-13 13:00,0,0
2022-05-13 14:00,0,0
2022-05-13 15:00,0,0
2022-05-13 16:00,0,0
2022-05-13 17:00,0,0
2022-05-13 18:00,0,0
2022-05-13 19:00,0,0
2022-05-13 20:00,0,0
2022-05-13 21:00,0,0
2022-05-13 22:00,0,0
2022-05-13 23:00,0,0
2022-05-14 0:00,0,0
2022-05-14 1:00,0,0
2022-05-14 2:00,0,0
2022-05-14 3:00,0,0
2022-05-14 4:00,0,0
2022-05-14 5:00,0,0
2022-05-14 6:00,0,0
2022-05-14 7:00,0,0
2022-05-14 8:00,0,0
2022-05-14 9:00,0,0
2022-05-14 10:00,0,0
2022-05-14 11:00,0,0
2022-05-14 12:00,0,0
2022-05-14 13:00,0,0
2022-05-14 14:00,0,0
2022-05-14 15:00,0,0
2022-05-14 16:00,0,0
2022-05-14 17:00,0,0
2022-05-14 18:00,0,0
2022-05-14 19:00,0,0
2022-05-14 20:00,0,0
2022-05-14 21:00,0,0
2022-05-14 22:00,0,0
2022-05-14 23:00,0,0
2022-05-15 0:00,0,0
2022-05-15 1:00,0,0
2022-05-15 2:00,0,0
2022-05-15 3:00,0,0
2022-05-15 4:00,0,0
2022-05-15 5:00,0,0
2022-05-15 6:00,0,0
2022-05-15 7:00,0,0
2022-05-15 8:00,0,0
2022-05-15 9:00,0,0
2022-05-15 10:00,0,0
2022-05-15 11:00,0,0
2022-05-15 12:00,0,0
2022-05-15 13:00,0,0
2022-05-15 14:00,0,0
2022-05-15 15:00,0,0
2022-05-15 16:00,0,0
2022-05-15 17:00,0,0
2022-05-15 18:00,0,0
2022-05-15 19:00,0,0
2022-05-15 20:00,0,0
2022-05-15 21:00,0,0
2022-05-15 22:00,0,0
2022-05-15 23:00,0,0
2022-05-16 0:00,0,0
2022-05-16 1:00,0,0
2022-05-16 2:00,0,0
2022-05-16 3:00,0,0
2022-05-16 4:00,0,0
2022-05-16 5:00,0,0
2022-05-16 6:00,0,0
2022-05-16 7:00,0,0
2022-05-16 8:00,0,0
2022-05-16 9:00,0,0
2022-05-16 10:00,0,0
2022-05-16 11:00,0,0
2022-05-16 12:00,0,0
2022-05-16 13:00,0,0
2022-05-16 14:00,0,0
2022-05-16 15:00,0,0
2022-05-16 16:00,0,0
2022-05-16 17:00,0,0
2022-05-16 18:00,0,0
2022-05-16 19:00,0,0
2022-05-16 20:00,0,0
2022-05-16 21:00,0,0
2022-05-16 22:00,0,0
2022-05-16 23:00,0,0
2022-05-17 0:00,0,0
2022-05-17 1:00,0,0
2022-05-17 2:00,0,0
2022-05-17 3:00,0,0
2022-05-17 4:00,0,0
2022-05-17 5:00,0,0
2022-05-17 6:00,0,0
2022-05-17 7:00,0,0
2022-05-17 8:00,0,0
2022-05-17 9:00,0,0
2022-05-17 10:00,0,0
2022-05-17 11:00,0,0
2022-05-17 12:00,0,0
2022-05-17 13:00,0,0
2022-05-17 14:00,0,0
2022-05-17 15:00,0,0
2022-05-17 16:00,0,0
2022-05-17 17:00,0,0
2022-05-17 18:00,0,0
2022-05-17 19:00,0,0
2022-05-17 20:00,0,0
2022-05-17 21:00,0,0
2022-05-17 22:00,0,0
2022-05-17 23:00,0,0
2022-05-18 0:00,0,0
2022-05-18 1:00,0,0
2022-05-18 2:00,0,0
2022-05-18 3:00,0,0
2022-05-18 4:00,0,0
2022-05-18 5:00,0,0
2022-05-18 6:00,0,0
2022-05-18 7:00,0,0
2022-05-18 8:00,0,0
2022-05-18 9:00,0,0
2022-05-18 10:00,0,0
2022-05-18 11:00,0,0
2022-05-18 12:00,0,0
2022-05-18 13:00,0,0
2022-05-18 14:00,0,0
2022-05-18 15:00,0,0
2022-05-18 16:00,0,0
2022-05-18 17:00,0,0
2022-05-18 18:00,0,0
2022-05-18 19:00,0,0
2022-05-18 20:00,0,0
2022-05-18 21:00,0,0
2022-05-18 22:00,0,0
2022-05-18 23:00,0,0
2022-05-19 0:00,0,0
2022-05-19 1:00,0,0
2022-05-19 2:00,0,0
2022-05-19 3:00,0,0
2022-05-19 4:00,0,0
2022-05-19 5:00,0,0
2022-05-19 6:00,0,0
2022-05-19 7:00,0,0
2022-05-19 8:00,0,0
2022-05-19 9:00,0,0
2022-05-19 10:00,0,0
2022-05-19 11:00,0,0
2022-05-19 12:00,0,0
2022-05-19 13:00,0,0
2022-05-19 14:00,0,0
2022-05-19 15:00,0,0
2022-05-19 16:00,0,0
2022-05-19 17:00,0,0
2022-05-19 18:00,0,0
2022-05-19 19:00,0,0
2022-05-19 20:00,0,0
2022-05-19 21:00,0,0
2022-05-19 22:00,0,0
2022-05-19 23:00,0,0
2022-05-20 0:00,0,0
2022-05-20 1:00,0,0
2022-05-20 2:00,0,0
2022-05-20 3:00,0,0
2022-05-20 4:00,0,0
2022-05-20 5:00,0,0
2022-05-20 6:00,0,0
2022-05-20 7:00,0,0
2022-05-20 8:00,0,0
2022-05-20 9:00,0,0
2022-05-20 10:00,0,0
2022-05-20 11:00,0,0
2022-05-20 12:00,0,0
2022-05-20 13:00,0,0
2022-05-20 14:00,0,0
2022-05-20 15:00,0,0
2022-05-20 16:00,0,0
2022-05-20 17:00,0,0
2022-05-20 18:00,0,0
2022-05-20 19:00,0,0
2022-05-20 20:00,0,0
2022-05-20 21:00,0,0
2022-05-20 22:00,0,0
2022-05-20 23:00,0,0
2022-05-21 0:00,0,0
2022-05-21 1:00,0,0
2022-05-21 2:00,0,0
2022-05-21 3:00,0,0
2022-05-21 4:00,0,0
2022-05-21 5:00,0,0
2022-05-21 6:00,0,0
2022-05-21 7:00,0,0
2022-05-21 8:00,0,0
2022-05-21 9:00,0,0
2022-05-21 10:00,0,0
2022-05-21 11:00,0,0
2022-05-21 12:00,0,0
2022-05-21 13:00,0,0
2022-05-21 14:00,0,0
2022-05-21 15:00,0,0
2022-05-21 16:00,0,0
2022-05-21 17:00,0,0
2022-05-21 18:00,0,0
2022-05-21 19:00,0,0
2022-05-21 20:00,0,0
2022-05-21 21:00,0,0
2022-05-21 22:00,0,0
2022-05-21 23:00,0,0
2022-05-22 0:00,0,0
2022-05-22 1:00,0,0
2022-05-22 2:00,0,0
2022-05-22 3:00,0,0
2022-05-22 4:00,0,0
2022-05-22 5:00,0,0
2022-05-22 6:00,0,0
2022-05-22 7:00,0,0
2022-05-22 8:00,0,0
2022-05-22 9:00,0,0
2022-05-22 10:00,0,0
2022-05-22 11:00,0,0
2022-05-22 12:00,0,0
2022-05-22 13:00,0,0
2022-05-22 14:00,0,0
2022-05-22 15:00,0,0
2022-05-22 16:00,0,0
2022-05-22 17:00,0,0
2022-05-22 18:00,0,0
2022-05-22 19:00,0,0
2022-05-22 20:00,0,0
2022-05-22 21:00,0,0
2022-05-22 22:00,0,0
2022-05-22 23:00,0,0
2022-05-23 0:00,0,0
2022-05-23 1:00,0,0
2022-05-23 2:00,0,0
2022-05-23 3:00,0,0
2022-05-23 4:00,0,0
2022-05-23 5:00,0,0
2022-05-23 6:00,0,0
2022-05-23 7:00,0,0
2022-05-23 8:00,0,0
2022-05-23 9:00,0,0
2022-05-23 10:00,0,0
2022-05-23 11:00,0,0
2022-05-23 12:00,0,0
2022-05-23 13:00,0,0
2022-05-23 14:00,0,0
2022-05-23 15:00,0,0
2022-05-23 16:00,0,0
2022-05-23 17:00,0,0
2022-05-23 18:00,0,0
2022-05-23 19:00,0,0
2022-05-23 20:00,0,0
2022-05-23 21:00,0,0
2022-05-23 22:00,0,0
2022-05-23 23:00,0,0
2022-05-24 0:00,0,0
2022-05-24 1:00,0,0
2022-05-24 2:00,0,0
2022-05-24 3:00,0,0
2022-05-24 4:00,0,0
2022-05-24 5:00,0,0
2022-05-24 6:00,0,0
2022-05-24 7:00,0,0
2022-05-24 8:00,0,0
2022-05-24 9:00,0,0
2022-05-24 10:00,0,0
2022-05-24 11:00,0,0
2022-05-24 12:00,0,0
2022-05-24 13:00,0,0
2022-05-24 14:00,0,0
2022-05-24 15:00,0,0
2022-05-24 16:00,0,0
2022-05-24 17:00,0,0
2022-05-24 18:00,0,0
2022-05-24 19:00,0,0
2022-05-24 20:00,0,0
2022-05-24 21:00,0,0
2022-05-24 22:00,0,0
2022-05-24 23:00,0,0
2022-05-25 0:00,0,0
2022-05-25 1:00,0,0
2022-05-25 2:00,0,0
2022-05-25 3:00,0,0
2022-05-25 4:00,0,0
2022-05-25 5:00,0,0
2022-05-25 6:00,0,0
2022-05-25 7:00,0,0
2022-05-25 8:00,0,0
2022-05-25 9:00,0,0
2022-05-25 10:00,0,0
2022-05-25 11:00,0,0
2022-05-25 12:00,0,0
2022-05-25 13:00,0,0
2022-05-25 14:00,0,0
2022-05-25 15:00,0,0
2022-05-25 16:00,0,0
2022-05-25 17:00,0,0
2022-05-25 18:00,0,0
2022-05-25 19:00,0,0
2022-05-25 20:00,0,0
2022-05-25 21:00,0,0
2022-05-25 22:00,0,0
2022-05-25 23:00,0,0
2022-05-26 0:00,0,0
2022-05-26 1:00,0,0
2022-05-26 2:00,0,0
2022-05-26 3:00,0,0
2022-05-26 4:00,0,0
2022-05-26 5:00,0,0
2022-05-26 6:00,0,0
2022-05-26 7:00,0,0
2022-05-26 8:00,0,0
2022-05-26 9:00,0,0
2022-05-26 10:00,0,0
2022-05-26 11:00,0,0
2022-05-26 12:00,0,0
2022-05-26 13:00,0,0
2022-05-26 14:00,0,0
2022-05-26 15:00,0,0
2022-05-26 16:00,0,0
2022-05-26 17:00,0,0
2022-05-26 18:00,0,0
2022-05-26 19:00,0,0
2022-05-26 20:00,0,0
2022-05-26 21:00,0,0
2022-05-26 22:00,0,0
2022-05-26 23:00,0,0
2022-05-27 0:00,0,0
2022-05-27 1:00,0,0
2022-05-27 2:00,0,0
2022-05-27 3:00,0,0
2022-05-27 4:00,0,0
2022-05-27 5:00,0,0
2022-05-27 6:00,0,0
2022-05-27 7:00,0,0
2022-05-27 8:00,0,0
2022-05-27 9:00,0,0
2022-05-27 10:00,0,0
2022-05-27 11:00,0,0
2022-05-27 12:00,0,0
2022-05-27 13:00,0,0
2022-05-27 14:00,0,0
2022-05-27 15:00,0,0
2022-05-27 16:00,0,0
2022-05-27 17:00,0,0
2022-05-27 18:00,0,0
2022-05-27 19:00,0,0
2022-05-27 20:00,0,0
2022-05-27 21:00,0,0
2022-05-27 22:00,0,0
2022-05-27 23:00,0,0
2022-05-28 0:00,0,0
2022-05-28 1:00,0,0
2022-05-28 2:00,0,0
2022-05-28 3:00,0,0
2022-05-28 4:00,0,0
2022-05-28 5:00,0,0
2022-05-28 6:00,0,0
2022-05-28 7:00,0,0
2022-05-28 8:00,0,0
2022-05-28 9:00,0,0
2022-05-28 10:00,0,0
2022-05-28 11:00,0,0
2022-05-28 12:00,0,0
2022-05-28 13:00,0,0
2022-05-28 14:00,0,0
2022-05-28 15:00,0,0
2022-05-28 16:00,0,0
2022-05-28 17:00,0,0
2022-05-28 18:00,0,0
2022-05-28 19:00,0,0
2022-05-28 20:00,0,0
2022-05-28 21:00,0,0
2022-05-28 22:00,0,0
2022-05-28 23:00,0,0
2022-05-29 0:00,0,0
2022-05-29 1:00,0,0
2022-05-29 2:00,0,0
2022-05-29 3:00,0,0
2022-05-29 4:00,0,0
2022-05-29 5:00,0,0
2022-05-29 6:00,0,0
2022-05-29 7:00,0,0
2022-05-29 8:00,0,0
2022-05-29 9:00,0,0
2022-05-29 10:00,0,0
2022-05-29 11:00,0,0
2022-05-29 12:00,0,0
2022-05-29 13:00,0,0
2022-05-29 14:00,0,0
2022-05-29 15:00,0,0
2022-05-29 16:00,0,0
2022-05-29 17:00,0,0
2022-05-29 18:00,0,0
2022-05-29 19:00,0,0
2022-05-29 20:00,0,0
2022-05-29 21:00,0,0
2022-05-29 22:00,0,0
2022-05-29 23:00,0,0
2022-05-30 0:00,0,0
2022-05-30 1:00,0,0
2022-05-30 2:00,0,0
2022-05-30 3:00,0,0
2022-05-30 4:00,0,0
2022-05-30 5:00,0,0
2022-05-30 6:00,0,0
2022-05-30 7:00,0,0
2022-05-30 8:00,0,0
2022-05-30 9:00,0,0
2022-05-30 10:00,0,0
2022-05-30 11:00,0,0
2022-05-30 12:00,0,0
2022-05-30 13:00,0,0
2022-05-30 14:00,0,0
2022-05-30 15:00,0,0
2022-05-30 16:00,0,0
2022-05-30 17:00,0,0
2022-05-30 18:00,0,0
2022-05-30 19:00,0,0
2022-05-30 20:00,0,0
2022-05-30 21:00,0,0
2022-05-30 22:00,0,0
2022-05-30 23:00,0,0
2022-05-31 0:00,0,0
2022-05-31 1:00,0,0
2022-05-31 2:00,0,0
2022-05-31 3:00,0,0
2022-05-31 4:00,0,0
2022-05-31 5:00,0,0
2022-05-31 6:00,0,0
2022-05-31 7:00,0,0
2022-05-31 8:00,0,0
2022-05-31 9:00,0,0
2022-05-31 10:00,0,0
2022-05-31 11:00,0,0
2022-05-31 12:00,0,0
2022-05-31 13:00,0,0
2022-05-31 14:00,0,0
2022-05-31 15:00,0,0
2022-05-31 16:00,0,0
2022-05-31 17:00,0,0
2022-05-31 18:00,0,0
2022-05-31 19:00,0,0
2022-05-31 20:00,0,0
2022-05-31 21:00,0,0
2022-05-31 22:00,0,0
2022-05-31 23:00,0,0
2022-06-01 0:00,0,0
2022-06-01 1:00,0,0
2022-06-01 2:00,0,0
2022-06-01 3:00,0,0
2022-06-01 4:00,0,0
2022-06-01 5:00,0,0
2022-06-01 6:00,0,0
2022-06-01 7:00,0,0
2022-06-01 8:00,0,0
2022-06-01 9:00,0,0
2022-06-01 10:00,0,0
2022-06-01 11:00,0,0
2022-06-01 12:00,0,0
2022-06-01 13:00,0,0
2022-06-01 14:00,0,0
2022-06-01 15:00,0,0
2022-06-01 16:00,0,0
2022-06-01 17:00,0,0
2022-06-01 18:00,0,0
2022-06-01 19:00,0,0
2022-06-01 20:00,0,0
2022-06-01 21:00,0,0
2022-06-01 22:00,0,0
2022-06-01 23:00,0,0
2022-06-02 0:00,0,0
2022-06-02 1:00,0,0
2022-06-02 2:00,0,0
2022-06-02 3:00,0,0
2022-06-02 4:00,0,0
2022-06-02 5:00,0,0
2022-06-02 6:00,0,0
2022-06-02 7:00,0,0
2022-06-02 8:00,0,0
2022-06-02 9:00,0,0
2022-06-02 10:00,0,0
2022-06-02 11:00,0,0
2022-06-02 12:00,0,0
2022-06-02 13:00,0,0
2022-06-02 14:00,0,0
2022-06-02 15:00,0,0
2022-06-02 16:00,0,0
2022-06-02 17:00,0,0
2022-06-02 18:00,0,0
2022-06-02 19:00,0,0
2022-06-02 20:00,0,0
2022-06-02 21:00,0,0
2022-06-02 22:00,0,0
2022-06-02 23:00,0,0
2022-06-03 0:00,0,0
2022-06-03 1:00,0,0
2022-06-03 2:00,0,0
2022-06-03 3:00,0,0
2022-06-03 4:00,0,0
2022-06-03 5:00,0,0
2022-06-03 6:00,0,0
2022-06-03 7:00,0,0
2022-06-03 8:00,0,0
2022-06-03 9:00,0,0
2022-06-03 10:00,0,0
2022-06-03 11:00,0,0
2022-06-03 12:00,0,0
2022-06-03 13:00,0,0
2022-06-03 14:00,0,0
2022-06-03 15:00,0,0
2022-06-03 16:00,0,0
2022-06-03 17:00,0,0
2022-06-03 18:00,0,0
2022-06-03 19:00,0,0
2022-06-03 20:00,0,0
2022-06-03 21:00,0,0
2022-06-03 22:00,0,0
2022-06-03 23:00,0,0
2022-06-04 0:00,0,0
2022-06-04 1:00,0,0
2022-06-04 2:00,0,0
2022-06-04 3:00,0,0
2022-06-04 4:00,0,0
2022-06-04 5:00,0,0
2022-06-04 6:00,0,0
2022-06-04 7:00,0,0
2022-06-04 8:00,0,0
2022-06-04 9:00,0,0
2022-06-04 10:00,0,0
2022-06-04 11:00,0,0
2022-06-04 12:00,0,0
2022-06-04 13:00,0,0
2022-06-04 14:00,0,0
2022-06-04 15:00,0,0
2022-06-04 16:00,0,0
2022-06-04 17:00,0,0
2022-06-04 18:00,0,0
2022-06-04 19:00,0,0
2022-06-04 20:00,0,0
2022-06-04 21:00,0,0
2022-06-04 22:00,0,0
2022-06-04 23:00,0,0
2022-06-05 0:00,0,0
2022-06-05 1:00,0,0
2022-06-05 2:00,0,0
2022-06-05 3:00,0,0
2022-06-05 4:00,0,0
2022-06-05 5:00,0,0
2022-06-05 6:00,0,0
2022-06-05 7:00,0,0
2022-06-05 8:00,0,0
2022-06-05 9:00,0,0
2022-06-05 10:00,0,0
2022-06-05 11:00,0,0
2022-06-05 12:00,0,0
2022-06-05 13:00,0,0
2022-06-05 14:00,0,0
2022-06-05 15:00,0,0
2022-06-05 16:00,0,0
2022-06-05 17:00,0,0
2022-06-05 18:00,0,0
2022-06-05 19:00,0,0
2022-06-05 20:00,0,0
2022-06-05 21:00,0,0
2022-06-05 22:00,0,0
2022-06-05 23:00,0,0
2022-06-06 0:00,0,0
2022-06-06 1:00,0,0
2022-06-06 2:00,0,0
2022-06-06 3:00,0,0
2022-06-06 4:00,0,0
2022-06-06 5:00,0,0
2022-06-06 6:00,0,0
2022-06-06 7:00,0,0
2022-06-06 8:00,0,0
2022-06-06 9:00,0,0
2022-06-06 10:00,0,0
2022-06-06 11:00,0,0
2022-06-06 12:00,0,0
2022-06-06 13:00,0,0
2022-06-06 14:00,0,0
2022-06-06 15:00,0,0
2022-06-06 16:00,0,0
2022-06-06 17:00,0,0
2022-06-06 18:00,0,0
2022-06-06 19:00,0,0
2022-06-06 20:00,0,0
2022-06-06 21:00,0,0
2022-06-06 22:00,0,0
2022-06-06 23:00,0,0
2022-06-07 0:00,0,0
2022-06-07 1:00,0,0
2022-06-07 2:00,0,0
2022-06-07 3:00,0,0
2022-06-07 4:00,0,0
2022-06-07 5:00,0,0
2022-06-07 6:00,0,0
2022-06-07 7:00,0,0
2022-06-07 8:00,0,0
2022-06-07 9:00,0,0
2022-06-07 10:00,0,0
2022-06-07 11:00,0,0
2022-06-07 12:00,0,0
2022-06-07 13:00,0,0
2022-06-07 14:00,0,0
2022-06-07 15:00,0,0
2022-06-07 16:00,0,0
2022-06-07 17:00,0,0
2022-06-07 18:00,0,0
2022-06-07 19:00,0,0
2022-06-07 20:00,0,0
2022-06-07 21:00,0,0
2022-06-07 22:00,0,0
2022-06-07 23:00,0,0
2022-06-08 0:00,0,0
2022-06-08 1:00,0,0
2022-06-08 2:00,0,0
2022-06-08 3:00,0,0
2022-06-08 4:00,0,0
2022-06-08 5:00,0,0
2022-06-08 6:00,0,0
2022-06-08 7:00,0,0
2022-06-08 8:00,0,0
2022-06-08 9:00,0,0
2022-06-08 10:00,0,0
2022-06-08 11:00,0,0
2022-06-08 12:00,0,0
2022-06-08 13:00,0,0
2022-06-08 14:00,0,0
2022-06-08 15:00,0,0
2022-06-08 16:00,0,0
2022-06-08 17:00,0,0
2022-06-08 18:00,0,0
2022-06-08 19:00,0,0
2022-06-08 20:00,0,0
2022-06-08 21:00,0,0
2022-06-08 22:00,0,0
2022-06-08 23:00,0,0
2022-06-09 0:00,0,0
2022-06-09 1:00,0,0
2022-06-09 2:00,0,0
2022-06-09 3:00,0,0
2022-06-09 4:00,0,0
2022-06-09 5:00,0,0
2022-06-09 6:00,0,0
2022-06-09 7:00,0,0
2022-06-09 8:00,0,0
2022-06-09 9:00,0,0
2022-06-09 10:00,0,0
2022-06-09 11:00,0,0
2022-06-09 12:00,0,0
2022-06-09 13:00,0,0
2022-06-09 14:00,0,0
2022-06-09 15:00,0,0
2022-06-09 16:00,0,0
2022-06-09 17:00,0,0
2022-06-09 18:00,0,0
2022-06-09 19:00,0,0
2022-06-09 20:00,0,0
2022-06-09 21:00,0,0
2022-06-09 22:00,0,0
2022-06-09 23:00,0,0
2022-06-10 0:00,0,0
2022-06-10 1:00,0,0
2022-06-10 2:00,0,0
2022-06-10 3:00,0,0
2022-06-10 4:00,0,0
2022-06-10 5:00,0,0
2022-06-10 6:00,0,0
2022-06-10 7:00,0,0
2022-06-10 8:00,0,0
2022-06-10 9:00,0,0
2022-06-10 10:00,0,0
2022-06-10 11:00,0,0
2022-06-10 12:00,0,0
2022-06-10 13:00,0,0
2022-06-10 14:00,0,0
2022-06-10 15:00,0,0
2022-06-10 16:00,0,0
2022-06-10 17:00,0,0
2022-06-10 18:00,0,0
2022-06-10 19:00,0,0
2022-06-10 20:00,0,0
2022-06-10 21:00,0,0
2022-06-10 22:00,0,0
2022-06-10 23:00,0,0
2022-06-11 0:00,0,0
2022-06-11 1:00,0,0
2022-06-11 2:00,0,0
2022-06-11 3:00,0,0
2022-06-11 4:00,0,0
2022-06-11 5:00,0,0
2022-06-11 6:00,0,0
2022-06-11 7:00,0,0
2022-06-11 8:00,0,0
2022-06-11 9:00,0,0
2022-06-11 10:00,0,0
2022-06-11 11:00,0,0
2022-06-11 12:00,0,0
2022-06-11 13:00,0,0
2022-06-11 14:00,0,0
2022-06-11 15:00,0,0
2022-06-11 16:00,0,0
2022-06-11 17:00,0,0
2022-06-11 18:00,0,0
2022-06-11 19:00,0,0
2022-06-11 20:00,0,0
2022-06-11 21:00,0,0
2022-06-11 22:00,0,0
2022-06-11 23:00,0,0
2022-06-12 0:00,0,0
2022-06-12 1:00,0,0
2022-06-12 2:00,0,0
2022-06-12 3:00,0,0
2022-06-12 4:00,0,0
2022-06-12 5:00,0,0
2022-06-12 6:00,0,0
2022-06-12 7:00,0,0
2022-06-12 8:00,0,0
2022-06-12 9:00,0,0
2022-06-12 10:00,0,0
2022-06-12 11:00,0,0
2022-06-12 12:00,0,0
2022-06-12 13:00,0,0
2022-06-12 14:00,0,0
2022-06-12 15:00,0,0
2022-06-12 16:00,0,0
2022-06-12 17:00,0,0
2022-06-12 18:00,0,0
2022-06-12 19:00,0,0
2022-06-12 20:00,0,0
2022-06-12 21:00,0,0
2022-06-12 22:00,0,0
2022-06-12 23:00,0,0
2022-06-13 0:00,0,0
2022-06-13 1:00,0,0
2022-06-13 2:00,0,0
2022-06-13 3:00,0,0
2022-06-13 4:00,0,0
2022-06-13 5:00,0,0
2022-06-13 6:00,0,0
2022-06-13 7:00,0,0
2022-06-13 8:00,0,0
2022-06-13 9:00,0,0
2022-06-13 10:00,0,0
2022-06-13 11:00,0,0
2022-06-13 12:00,0,0
2022-06-13 13:00,0,0
2022-06-13 14:00,0,0
2022-06-13 15:00,0,0
2022-06-13 16:00,0,0
2022-06-13 17:00,0,0
2022-06-13 18:00,0,0
2022-06-13 19:00,0,0
2022-06-13 20:00,0,0
2022-06-13 21:00,0,0
2022-06-13 22:00,0,0
2022-06-13 23:00,0,0
2022-06-14 0:00,0,0
2022-06-14 1:00,0,0
2022-06-14 2:00,0,0
2022-06-14 3:00,0,0
2022-06-14 4:00,0,0
2022-06-14 5:00,0,0
2022-06-14 6:00,0,0
2022-06-14 7:00,0,0
2022-06-14 8:00,0,0
2022-06-14 9:00,0,0
2022-06-14 10:00,0,0
2022-06-14 11:00,0,0
2022-06-14 12:00,0,0
2022-06-14 13:00,0,0
2022-06-14 14:00,0,0
2022-06-14 15:00,0,0
2022-06-14 16:00,0,0
2022-06-14 17:00,0,0
2022-06-14 18:00,0,0
2022-06-14 19:00,0,0
2022-06-14 20:00,0,0
2022-06-14 21:00,0,0
2022-06-14 22:00,0,0
2022-06-14 23:00,0,0
2022-06-15 0:00,0,0
2022-06-15 1:00,0,0
2022-06-15 2:00,0,0
2022-06-15 3:00,0,0
2022-06-15 4:00,0,0
2022-06-15 5:00,0,0
2022-06-15 6:00,0,0
2022-06-15 7:00,0,0
2022-06-15 8:00,0,0
2022-06-15 9:00,0,0
2022-06-15 10:00,0,0
2022-06-15 11:00,0,0
2022-06-15 12:00,0,0
2022-06-15 13:00,0,0
2022-06-15 14:00,0,0
2022-06-15 15:00,0,0
2022-06-15 16:00,0,0
2022-06-15 17:00,0,0
2022-06-15 18:00,0,0
2022-06-15 19:00,0,0
2022-06-15 20:00,0,0
2022-06-15 21:00,0,0
2022-06-15 22:00,0,0
2022-06-15 23:00,0,0
2022-06-16 0:00,0,0
2022-06-16 1:00,0,0
2022-06-16 2:00,0,0
2022-06-16 3:00,0,0
2022-06-16 4:00,0,0
2022-06-16 5:00,0,0
2022-06-16 6:00,0,0
2022-06-16 7:00,0,0
2022-06-16 8:00,0,0
2022-06-16 9:00,0,0
2022-06-16 10:00,0,0
2022-06-16 11:00,0,0
2022-06-16 12:00,0,0
2022-06-16 13:00,0,0
2022-06-16 14:00,0,0
2022-06-16 15:00,0,0
2022-06-16 16:00,0,0
2022-06-16 17:00,0,0
2022-06-16 18:00,0,0
2022-06-16 19:00,0,0
2022-06-16 20:00,0,0
2022-06-16 21:00,0,0
2022-06-16 22:00,0,0
2022-06-16 23:00,0,0
2022-06-17 0:00,0,0
2022-06-17 1:00,0,0
2022-06-17 2:00,0,0
2022-06-17 3:00,0,0
2022-06-17 4:00,0,0
2022-06-17 5:00,0,0
2022-06-17 6:00,0,0
2022-06-17 7:00,0,0
2022-06-17 8:00,0,0
2022-06-17 9:00,0,0
2022-06-17 10:00,0,0
2022-06-17 11:00,0,0
2022-06-17 12:00,0,0
2022-06-17 13:00,0,0
2022-06-17 14:00,0,0
2022-06-17 15:00,0,0
2022-06-17 16:00,0,0
2022-06-17 17:00,0,0
2022-06-17 18:00,0,0
2022-06-17 19:00,0,0
2022-06-17 20:00,0,0
2022-06-17 21:00,0,0
2022-06-17 22:00,0,0
2022-06-17 23:00,0,0
2022-06-18 0:00,0,0
2022-06-18 1:00,0,0
2022-06-18 2:00,0,0
2022-06-18 3:00,0,0
2022-06-18 4:00,0,0
2022-06-18 5:00,0,0
2022-06-18 6:00,0,0
2022-06-18 7:00,0,0
2022-06-18 8:00,0,0
2022-06-18 9:00,0,0
2022-06-18 10:00,0,0
2022-06-18 11:00,0,0
2022-06-18 12:00,0,0
2022-06-18 13:00,0,0
2022-06-18 14:00,0,0
2022-06-18 15:00,0,0
2022-06-18 16:00,0,0
2022-06-18 17:00,0,0
2022-06-18 18:00,0,0
2022-06-18 19:00,0,0
2022-06-18 20:00,0,0
2022-06-18 21:00,0,0
2022-06-18 22:00,0,0
2022-06-18 23:00,0,0
2022-06-19 0:00,0,0
2022-06-19 1:00,0,0
2022-06-19 2:00,0,0
2022-06-19 3:00,0,0
2022-06-19 4:00,0,0
2022-06-19 5:00,0,0
2022-06-19 6:00,0,0
2022-06-19 7:00,0,0
2022-06-19 8:00,0,0
2022-06-19 9:00,0,0
2022-06-19 10:00,0,0
2022-06-19 11:00,0,0
2022-06-19 12:00,0,0
2022-06-19 13:00,0,0
2022-06-19 14:00,0,0
2022-06-19 15:00,0,0
2022-06-19 16:00,0,0
2022-06-19 17:00,0,0
2022-06-19 18:00,0,0
2022-06-19 19:00,0,0
2022-06-19 20:00,0,0
2022-06-19 21:00,0,0
2022-06-19 22:00,0,0
2022-06-19 23:00,0,0
2022-06-20 0:00,0,0
2022-06-20 1:00,0,0
2022-06-20 2:00,0,0
2022-06-20 3:00,0,0
2022-06-20 4:00,0,0
2022-06-20 5:00,0,0
2022-06-20 6:00,0,0
2022-06-20 7:00,0,0
2022-06-20 8:00,0,0
2022-06-20 9:00,0,0
2022-06-20 10:00,0,0
2022-06-20 11:00,0,0
2022-06-20 12:00,0,0
2022-06-20 13:00,0,0
2022-06-20 14:00,0,0
2022-06-20 15:00,0,0
2022-06-20 16:00,0,0
2022-06-20 17:00,0,0
2022-06-20 18:00,0,0
2022-06-20 19:00,0,0
2022-06-20 20:00,0,0
2022-06-20 21:00,0,0
2022-06-20 22:00,0,0
2022-06-20 23:00,0,0
2022-06-21 0:00,0,0
2022-06-21 1:00,0,0
2022-06-21 2:00,0,0
2022-06-21 3:00,0,0
2022-06-21 4:00,0,0
2022-06-21 5:00,0,0
2022-06-21 6:00,0,0
2022-06-21 7:00,0,0
2022-06-21 8:00,0,0
2022-06-21 9:00,0,0
2022-06-21 10:00,0,0
2022-06-21 11:00,0,0
2022-06-21 12:00,0,0
2022-06-21 13:00,0,0
2022-06-21 14:00,0,0
2022-06-21 15:00,0,0
2022-06-21 16:00,0,0
2022-06-21 17:00,0,0
2022-06-21 18:00,0,0
2022-06-21 19:00,0,0
2022-06-21 20:00,0,0
2022-06-21 21:00,0,0
2022-06-21 22:00,0,0
2022-06-21 23:00,0,0
2022-06-22 0:00,0,0
2022-06-22 1:00,0,0
2022-06-22 2:00,0,0
2022-06-22 3:00,0,0
2022-06-22 4:00,0,0
2022-06-22 5:00,0,0
2022-06-22 6:00,0,0
2022-06-22 7:00,0,0
2022-06-22 8:00,0,0
2022-06-22 9:00,0,0
2022-06-22 10:00,0,0
2022-06-22 11:00,0,0
2022-06-22 12:00,0,0
2022-06-22 13:00,0,0
2022-06-22 14:00,0,0
2022-06-22 15:00,0,0
2022-06-22 16:00,0,0
2022-06-22 17:00,0,0
2022-06-22 18:00,0,0
2022-06-22 19:00,0,0
2022-06-22 20:00,0,0
2022-06-22 21:00,0,0
2022-06-22 22:00,0,0
2022-06-22 23:00,0,0
2022-06-23 0:00,0,0
2022-06-23 1:00,0,0
2022-06-23 2:00,0,0
2022-06-23 3:00,0,0
2022-06-23 4:00,0,0
2022-06-23 5:00,0,0
2022-06-23 6:00,0,0
2022-06-23 7:00,0,0
2022-06-23 8:00,0,0
2022-06-23 9:00,0,0
2022-06-23 10:00,0,0
2022-06-23 11:00,0,0
2022-06-23 12:00,0,0
2022-06-23 13:00,0,0
2022-06-23 14:00,0,0
2022-06-23 15:00,0,0
2022-06-23 16:00,0,0
2022-06-23 17:00,0,0
2022-06-23 18:00,0,0
2022-06-23 19:00,0,0
2022-06-23 20:00,0,0
2022-06-23 21:00,0,0
2022-06-23 22:00,0,0
2022-06-23 23:00,0,0
2022-06-24 0:00,0,0
2022-06-24 1:00,0,0
2022-06-24 2:00,0,0
2022-06-24 3:00,0,0
2022-06-24 4:00,0,0
2022-06-24 5:00,0,0
2022-06-24 6:00,0,0
2022-06-24 7:00,0,0
2022-06-24 8:00,0,0
2022-06-24 9:00,0,0
2022-06-24 10:00,0,0
2022-06-24 11:00,0,0
2022-06-24 12:00,0,0
2022-06-24 13:00,0,0
2022-06-24 14:00,0,0
2022-06-24 15:00,0,0
2022-06-24 16:00,0,0
2022-06-24 17:00,0,0
2022-06-24 18:00,0,0
2022-06-24 19:00,0,0
2022-06-24 20:00,0,0
2022-06-24 21:00,0,0
2022-06-24 22:00,0,0
2022-06-24 23:00,0,0
2022-06-25 0:00,0,0
2022-06-25 1:00,0,0
2022-06-25 2:00,0,0
2022-06-25 3:00,0,0
2022-06-25 4:00,0,0
2022-06-25 5:00,0,0
2022-06-25 6:00,0,0
2022-06-25 7:00,0,0
2022-06-25 8:00,0,0
2022-06-25 9:00,0,0
2022-06-25 10:00,0,0
2022-06-25 11:00,0,0
2022-06-25 12:00,0,0
2022-06-25 13:00,0,0
2022-06-25 14:00,0,0
2022-06-25 15:00,0,0
2022-06-25 16:00,0,0
2022-06-25 17:00,0,0
2022-06-25 18:00,0,0
2022-06-25 19:00,0,0
2022-06-25 20:00,0,0
2022-06-25 21:00,0,0
2022-06-25 22:00,0,0
2022-06-25 23:00,0,0
2022-06-26 0:00,0,0
2022-06-26 1:00,0,0
2022-06-26 2:00,0,0
2022-06-26 3:00,0,0
2022-06-26 4:00,0,0
2022-06-26 5:00,0,0
2022-06-26 6:00,0,0
2022-06-26 7:00,0,0
2022-06-26 8:00,0,0
2022-06-26 9:00,0,0
2022-06-26 10:00,0,0
2022-06-26 11:00,0,0
2022-06-26 12:00,0,0
2022-06-26 13:00,0,0
2022-06-26 14:00,0,0
2022-06-26 15:00,0,0
2022-06-26 16:00,0,0
2022-06-26 17:00,0,0
2022-06-26 18:00,0,0
2022-06-26 19:00,0,0
2022-06-26 20:00,0,0
2022-06-26 21:00,0,0
2022-06-26 22:00,0,0
2022-06-26 23:00,0,0
2022-06-27 0:00,0,0
2022-06-27 1:00,0,0
2022-06-27 2:00,0,0
2022-06-27 3:00,0,0
2022-06-27 4:00,0,0
2022-06-27 5:00,0,0
2022-06-27 6:00,0,0
2022-06-27 7:00,0,0
2022-06-27 8:00,0,0
2022-06-27 9:00,0,0
2022-06-27 10:00,0,0
2022-06-27 11:00,0,0
2022-06-27 12:00,0,0
2022-06-27 13:00,0,0
2022-06-27 14:00,0,0
2022-06-27 15:00,0,0
2022-06-27 16:00,0,0
2022-06-27 17:00,0,0
2022-06-27 18:00,0,0
2022-06-27 19:00,0,0
2022-06-27 20:00,0,0
2022-06-27 21:00,0,0
2022-06-27 22:00,0,0
2022-06-27 23:00,0,0
2022-06-28 0:00,0,0
2022-06-28 1:00,0,0
2022-06-28 2:00,0,0
2022-06-28 3:00,0,0
2022-06-28 4:00,0,0
2022-06-28 5:00,0,0
2022-06-28 6:00,0,0
2022-06-28 7:00,0,0
2022-06-28 8:00,0,0
2022-06-28 9:00,0,0
2022-06-28 10:00,0,0
2022-06-28 11:00,0,0
2022-06-28 12:00,0,0
2022-06-28 13:00,0,0
2022-06-28 14:00,0,0
2022-06-28 15:00,0,0
2022-06-28 16:00,0,0
2022-06-28 17:00,0,0
2022-06-28 18:00,0,0
2022-06-28 19:00,0,0
2022-06-28 20:00,0,0
2022-06-28 21:00,0,0
2022-06-28 22:00,0,0
2022-06-28 23:00,0,0
2022-06-29 0:00,0,0
2022-06-29 1:00,0,0
2022-06-29 2:00,0,0
2022-06-29 3:00,0,0
2022-06-29 4:00,0,0
2022-06-29 5:00,0,0
2022-06-29 6:00,0,0
2022-06-29 7:00,0,0
2022-06-29 8:00,0,0
2022-06-29 9:00,0,0
2022-06-29 10:00,0,0
2022-06-29 11:00,0,0
2022-06-29 12:00,0,0
2022-06-29 13:00,0,0
2022-06-29 14:00,0,0
2022-06-29 15:00,0,0
2022-06-29 16:00,0,0
2022-06-29 17:00,0,0
2022-06-29 18:00,0,0
2022-06-29 19:00,0,0
2022-06-29 20:00,0,0
2022-06-29 21:00,0,0
2022-06-29 22:00,0,0
2022-06-29 23:00,0,0
2022-06-30 0:00,0,0
2022-06-30 1:00,0,0
2022-06-30 2:00,0,0
2022-06-30 3:00,0,0
2022-06-30 4:00,0,0
2022-06-30 5:00,0,0
2022-06-30 6:00,0,0
2022-06-30 7:00,0,0
2022-06-30 8:00,0,0
2022-06-30 9:00,0,0
2022-06-30 10:00,0,0
2022-06-30 11:00,0,0
2022-06-30 12:00,0,0
2022-06-30 13:00,0,0
2022-06-30 14:00,0,0
2022-06-30 15:00,0,0
2022-06-30 16:00,0,0
2022-06-30 17:00,0,0
2022-06-30 18:00,0,0
2022-06-30 19:00,0,0
2022-06-30 20:00,0,0
2022-06-30 21:00,0,0
2022-06-30 22:00,0,0
2022-06-30 23:00,0,0
